{
  "ARG": {
    "ARG_age_weekly.csv": {
      "Alpha": 0.9759376614785539,
      "Beta": 1.0,
      "Delta": 0.9802922733409163,
      "Omicron": 0.9909373129743227,
      "Total": 0.9242428803239766,
      "ratio": 0.6087320991966468
    },
    "ARG_gender_weekly.csv": {
      "Alpha": 0.9823352379361591,
      "Beta": 1.0,
      "Delta": 0.9732853895490212,
      "Omicron": 1.0,
      "Total": 0.9155692657796766,
      "ratio": 0.6228431714984283
    }
  },
  "AUS": {
    "AUS_age_weekly.csv": {
      "Alpha": 0.8228196276221528,
      "Beta": 0.7705982463836687,
      "Delta": 0.8764005318625158,
      "Omicron": 0.9181117039411696,
      "Total": 0.8041147809031338,
      "ratio": 0.41672338518235696
    },
    "AUS_gender_weekly.csv": {
      "Alpha": 0.8258061215471574,
      "Beta": 0.8307479644849677,
      "Delta": 0.8713190403823833,
      "Omicron": 0.9051988844862181,
      "Total": 0.8703600391040189,
      "ratio": 0.46357011238566376
    }
  },
  "BOL": {
    "BOL_age_weekly.csv": {
      "Alpha": NaN,
      "Beta": NaN,
      "Delta": 1.0,
      "Omicron": NaN,
      "Total": 0.8342366961299645,
      "ratio": 0.7951807228915663
    },
    "BOL_gender_weekly.csv": {
      "Alpha": NaN,
      "Beta": NaN,
      "Delta": 0.9999999999999999,
      "Omicron": NaN,
      "Total": 0.8498342947703491,
      "ratio": 0.7228915662650602
    }
  },
  "BRA": {
    "BRA_age_weekly.csv": {
      "Alpha": 0.8538661792680227,
      "Beta": 0.962295091281399,
      "Delta": 0.9631847530219647,
      "Omicron": 0.9998340923307615,
      "Total": 0.9201467010659873,
      "ratio": 0.6268896199568087
    },
    "BRA_gender_weekly.csv": {
      "Alpha": 0.8684520388092709,
      "Beta": 0.962295091281399,
      "Delta": 0.9587849279843349,
      "Omicron": 0.9998557049130687,
      "Total": 0.9265342903182013,
      "ratio": 0.6307041798696188
    }
  },
  "CAN": {
    "CAN_age_weekly.csv": {
      "Alpha": 0.9844263881228316,
      "Beta": 0.9305120191547256,
      "Delta": 0.9064020325441084,
      "Omicron": 0.9443837126799245,
      "Total": 0.7766109115455943,
      "ratio": 0.27568112543962486
    },
    "CAN_gender_weekly.csv": {
      "Alpha": 0.9845540594764239,
      "Beta": 0.9785146724949411,
      "Delta": 0.8298524913255224,
      "Omicron": 0.9980451834530552,
      "Total": 0.7946375262904964,
      "ratio": 0.4926189917936694
    }
  },
  "CHL": {
    "CHL_age_weekly.csv": {
      "Alpha": 1.0,
      "Beta": 0.9999999999999999,
      "Delta": 0.999605693960676,
      "Omicron": 0.9999931360981114,
      "Total": 0.9994695337221202,
      "ratio": 0.9808690899152774
    },
    "CHL_gender_weekly.csv": {
      "Alpha": 1.0,
      "Beta": 0.9999999999999999,
      "Delta": 0.9999988053636156,
      "Omicron": 1.0,
      "Total": 0.9999719639943577,
      "ratio": 0.9966657556709484
    }
  },
  "COL": {
    "COL_age_weekly.csv": {
      "Alpha": 0.9988581951521233,
      "Beta": NaN,
      "Delta": 0.9998881143952199,
      "Omicron": 0.9973042583986207,
      "Total": 0.9994682867394517,
      "ratio": 0.9800212019897252
    },
    "COL_gender_weekly.csv": {
      "Alpha": 0.9998542603653039,
      "Beta": NaN,
      "Delta": 0.9997627304069849,
      "Omicron": 0.9992337374299468,
      "Total": 0.9995832486389116,
      "ratio": 0.9779010030172063
    }
  },
  "DEU": {
    "DEU_age_weekly.csv": {
      "Alpha": 0.9809608421368171,
      "Beta": 0.8781913239722607,
      "Delta": 0.8800656158839821,
      "Omicron": 0.7145046975460807,
      "Total": 0.6414979518872022,
      "ratio": 0.037103507362184776
    },
    "DEU_gender_weekly.csv": {
      "Alpha": 0.9818688808739428,
      "Beta": 0.8826771995637361,
      "Delta": 0.9000742039557101,
      "Omicron": 0.660834016624568,
      "Total": 0.6442940187583756,
      "ratio": 0.033805293381453286
    }
  },
  "ESP": {
    "ESP_age_weekly.csv": {
      "Alpha": 0.9938986075198972,
      "Beta": 0.7975508215075624,
      "Delta": 0.9945781272898717,
      "Omicron": 0.9996456743496135,
      "Total": 0.9925363292793555,
      "ratio": 0.8977946432325611
    },
    "ESP_gender_weekly.csv": {
      "Alpha": 0.9996722452823619,
      "Beta": 0.9986061433867602,
      "Delta": 0.999695854145712,
      "Omicron": 0.9999832093182034,
      "Total": 0.9993803451742715,
      "ratio": 0.9770844721019215
    }
  },
  "GBR": {
    "GBR_age_weekly.csv": {
      "Alpha": 0.29870716326381097,
      "Beta": 0.3408346097201395,
      "Delta": 0.8555678705997668,
      "Omicron": 0.8565003534282605,
      "Total": -0.2414950703476291,
      "ratio": 0.0049029793692888885
    },
    "GBR_gender_weekly.csv": {
      "Alpha": 0.3045190627009346,
      "Beta": 0.3491482802186264,
      "Delta": 0.8555678705997668,
      "Omicron": 0.8565003534282605,
      "Total": -0.23895938469890238,
      "ratio": 0.004783681379151976
    }
  },
  "GRC": {
    "GRC_age_weekly.csv": {
      "Alpha": 0.5680951876493424,
      "Beta": 0.5129057172637915,
      "Delta": 0.5263954055100615,
      "Omicron": NaN,
      "Total": 0.34260350908877985,
      "ratio": 0.09893697798025816
    },
    "GRC_gender_weekly.csv": {
      "Alpha": 0.7752851220722556,
      "Beta": 0.6133629827082812,
      "Delta": 0.7316873727888893,
      "Omicron": 0.7609753821756677,
      "Total": 0.5858868107308208,
      "ratio": 0.18785117691723613
    }
  },
  "IDN": {
    "IDN_age_weekly.csv": {
      "Alpha": 0.999037189086427,
      "Beta": 0.9980196266357007,
      "Delta": 0.9976484398819385,
      "Omicron": 0.9999977734343387,
      "Total": 0.9980733749882094,
      "ratio": 0.973186686794623
    },
    "IDN_gender_weekly.csv": {
      "Alpha": 0.9989887387641346,
      "Beta": 0.9999999999999999,
      "Delta": 0.9985119708499494,
      "Omicron": 1.0,
      "Total": 0.9987460477625264,
      "ratio": 0.9837538638487527
    }
  },
  "IND": {
    "IND_age_weekly.csv": {
      "Alpha": 0.9597271789357106,
      "Beta": 0.9619233699184102,
      "Delta": 0.9946659794126586,
      "Omicron": 0.9999069073913196,
      "Total": 0.9915872324340238,
      "ratio": 0.8199770014671478
    },
    "IND_gender_weekly.csv": {
      "Alpha": 0.9596563581053164,
      "Beta": 0.9619233699184102,
      "Delta": 0.9945842001549159,
      "Omicron": 0.9997311793775376,
      "Total": 0.990887642670603,
      "ratio": 0.8208196201276815
    }
  },
  "IRL": {
    "IRL_age_weekly.csv": {
      "Alpha": 0.5398446881092772,
      "Beta": 0.4437121508428801,
      "Delta": 0.5027986180339786,
      "Omicron": NaN,
      "Total": 0.2989926864571035,
      "ratio": 0.019234183582884534
    },
    "IRL_gender_weekly.csv": {
      "Alpha": 0.9999245117514797,
      "Beta": 0.9993877750300242,
      "Delta": 0.9999796256892806,
      "Omicron": 0.9999796863731247,
      "Total": 0.9998902025879222,
      "ratio": 0.9917934150046359
    }
  },
  "ISR": {
    "ISR_age_weekly.csv": {
      "Alpha": 0.575215406480061,
      "Beta": 0.08411541086362934,
      "Delta": 0.940321995197865,
      "Omicron": 0.7486936439232472,
      "Total": 0.7572617378872731,
      "ratio": 0.312209427079608
    },
    "ISR_gender_weekly.csv": {
      "Alpha": 0.6498606930127111,
      "Beta": 0.5912677708106139,
      "Delta": 0.9402459856265055,
      "Omicron": 0.7495967929544199,
      "Total": 0.7885759619182564,
      "ratio": 0.33199818801707076
    }
  },
  "ITA": {
    "ITA_age_weekly.csv": {
      "Alpha": 0.9960178382632007,
      "Beta": 0.9335228903759786,
      "Delta": 0.9735007196406064,
      "Omicron": 0.9614412899625417,
      "Total": 0.85392875085002,
      "ratio": 0.5503767093458758
    },
    "ITA_gender_weekly.csv": {
      "Alpha": 0.9955421938725459,
      "Beta": 0.9278495074583212,
      "Delta": 0.9789363547815225,
      "Omicron": 0.9623134926163412,
      "Total": 0.8954426048075835,
      "ratio": 0.5682322968382545
    }
  },
  "JPN": {
    "JPN_age_weekly.csv": {
      "Alpha": 0.8886823652554939,
      "Beta": NaN,
      "Delta": 0.9531323043239927,